{
    "vertices":[
        0.000000 ,0.000000 ,-1.000000, 
         -0.195090 ,0.000000, -0.980785,
         -0.382683 ,0.000000, -0.923880,
         -0.555570 ,0.000000, -0.831470,
         -0.707107 ,0.000000, -0.707107,
         -0.831470, 0.000000 ,-0.555570,
         -0.923880, 0.000000 ,-0.382683,
         -0.980785 ,0.000000, -0.195090,
         -1.000000, 0.000000, -0.000000,
         -0.980785, 0.000000 ,0.195090,
         -0.923880, 0.000000, 0.382683,
         -0.831470 ,0.000000, 0.555570,
         -0.707107, 0.000000, 0.707107,
         -0.555570, 0.000000, 0.831470,
         -0.382683, 0.000000, 0.923880,
         -0.195090 ,0.000000, 0.980785,
         0.000000 ,0.000000, 1.000000,
         0.195091, 0.000000, 0.980785,
         0.382684, 0.000000, 0.923879,
         0.555571, 0.000000 ,0.831469,
         0.707107, 0.000000, 0.707106,
         0.831470, 0.000000, 0.555570,
         0.923880, 0.000000, 0.382683,
         0.980785, 0.000000, 0.195089,
         1.000000, 0.000000, -0.000001,
         0.980785, 0.000000, -0.195091,
         0.923879, 0.000000 ,-0.382684,
         0.831469, 0.000000, -0.555571,
         0.707106, 0.000000, -0.707108,
         0.555569, 0.000000, -0.831470,
         0.382682, 0.000000 ,-0.923880,
         0.195089, 0.000000, -0.980786
    ],
    "textcoords" :[
        0,0
        
    ],
    "normals":[
        0.0000, 1.0000, -0.0000
    
    ],
    "indices": [
         0,31,1,
         31,1,2,
         2,30,31, 
         30,2,4,
         29 ,30,4,
         29, 4,5,
         5,6,29,
         29 ,6 ,27,
         28, 29, 27,
         27,6,7,
         26,27, 7,
         26, 7, 8,
         8 ,9,26,
         11, 12, 13,
         24 ,25 ,9,
         14,16, 19,
         9 ,10,11,
         23,9,11,
         11,20, 23,
         23 ,24 ,9,
         20 ,22,23,
         20,11,13,
         20, 21,22,
         20, 13,14,
         19, 20,14,
         16, 18 ,19,
         14, 15 ,16,
         2, 3 ,4,
         17, 18,16,
         9,25,26   
    ],
    "color":[
        0,0,0,
        0,0,0,
        0,0,0,
        0,0,0,
        0,0,0,
        0,0,0,
        0,0,0,
        0,0,0,
        0,0,0,
        0,0,0,
        0,0,0,
        0,0,0,
        0,0,0,
        0,0,0,
        0,0,0,
        0,0,0,
        0,0,0,
        0,0,0,
        0,0,0,
        0,0,0,
        0,0,0,
        0,0,0,
        0,0,0,
        0,0,0,
        0,0,0,
        0,0,0,
        0,0,0,
        0,0,0,
        0,0,0,
        0,0,0
    ]
   
}