{
    "vertices":[
       -30, 0.0,  30, 
        30, 0.0,  30, 
       -30, 0.0, -30, 
        30, 0.0, -30 
    ],
    "textcoords" :[
        0.0000, 0.0000, 1.0000,
        0.0000, 1.0000, 1.0000,
        0.0000, 1.0000
    ],
    "normals":[
        0.000000, 0.000000, 1.000000,
        0.000000 ,0.000000 ,1.000000 ,
        0.000000 ,0.000000 ,1.000000 ,
        0.000000 ,0.000000 ,1.000000
    ],
    "indices": [
        0, 1, 3,
        0, 3, 2
    ]
}
